condition,hemolytic,soluble_rule,sequence,length
<NON_HEMO|INSOL>,0,0,VYALFRVGYLLLVPPMPELEIIHHL,25
<NON_HEMO|INSOL>,0,0,MKLSHIAGFTAAAVATKAPGAAAATPVSKPLSSPDGADTKVLEMDGEMNEIEAMLVAGGG,60
<NON_HEMO|INSOL>,0,0,DALLDCGGVIRYSL,14
<NON_HEMO|INSOL>,0,0,PTGLDIHIKEPSLLVAGALTMLGNPYD,27
<NON_HEMO|INSOL>,0,0,GVLKAIDAGLGPVWGEATASGNFI,24
<NON_HEMO|INSOL>,0,0,LLLVWPEVDPIVFMLLAALTVVRNGA,26
<NON_HEMO|INSOL>,0,0,FCMMLGAVDGGHHIDYLGTN,20
<NON_HEMO|INSOL>,0,0,IIKIAIIIYAQSVISELKDSRLALLLARAALF,32
<NON_HEMO|INSOL>,0,0,GFTVLVDSAAPMMTHHLLPA,20
<NON_HEMO|INSOL>,0,0,LQAGDCGLGLSKKDL,15
<NON_HEMO|INSOL>,0,0,TNIADLIVRRIAGAIMAASMVLFPEVPSPATGSVGDVPAVRAALAKALDV,50
<NON_HEMO|INSOL>,0,0,MALVTCAQADIIALAKLRLEQ,21
<NON_HEMO|INSOL>,0,0,VHIFEGTLVLELPIIPSEGNI,21
<NON_HEMO|INSOL>,0,0,LILNNVAFIDTAAIGGGYP,19
<NON_HEMO|INSOL>,0,0,EALIILCF,8
<NON_HEMO|INSOL>,0,0,TALINTQALLTIIYKAQLGLLF,22
<NON_HEMO|INSOL>,0,0,KDIIDYPAGANGFIPKVYTAGMELEAARIRLITGGHLDVDSILATPAVGEF,51
<NON_HEMO|INSOL>,0,0,TSIKFAIPKFYIIDLVLRIPSGGVIAVEALV,31
<NON_HEMO|INSOL>,0,0,WLANLNQLRTVAIGLVLAGDQA,22
<NON_HEMO|INSOL>,0,0,QRFIVLRPVAEAVLDRSGPRPPIEKIVPNVEI,32
<NON_HEMO|INSOL>,0,0,VVMVSLFSFSMPVISLTDCLIQEVDLPSKVDDGKAAKMCSAMGFIPF,47
<NON_HEMO|INSOL>,0,0,LSRIYEEVTAVICPTSVVAILAGLVFQSLAQVRSLHEKAKDGLANELV,48
<NON_HEMO|INSOL>,0,0,VLAELVEIGGYMLDFDEASFHGGDAHHNVLGFNAFVGVTVLV,42
<NON_HEMO|INSOL>,0,0,VCLIAAGGFVGGRF,14
<NON_HEMO|INSOL>,0,0,NGCIMEGFACGEGVACHEGPMIVDDGGPICIPISSVPIGVLGPSIGGASVGG,52
<NON_HEMO|INSOL>,0,0,PLTVAFPL,8
<NON_HEMO|INSOL>,0,0,GLAEGLLIPPSAI,13
<NON_HEMO|INSOL>,0,0,IIISAINYIASSGVSMRLGKFE,22
<NON_HEMO|INSOL>,0,0,PMQELETQSIAMSGGIVL,18
<NON_HEMO|INSOL>,0,0,GHAISIEHLCHVRL,14
<NON_HEMO|INSOL>,0,0,LKEQLRLEM,9
<NON_HEMO|INSOL>,0,0,SVNVRPIYSEILSALDIFTLTIAVD,25
<NON_HEMO|INSOL>,0,0,CQIPNGPIGIHDALMLPMVLYSDISGVER,29
<NON_HEMO|INSOL>,0,0,LTSRGKT,7
<NON_HEMO|INSOL>,0,0,RVEIDPNPIGIFLLA,15
<NON_HEMO|INSOL>,0,0,VVQVDSLSRYDIYLDYAAIHYALVLRSEEL,30
<NON_HEMO|INSOL>,0,0,VLPMAGMIGVAPGNISDAGG,20
<NON_HEMO|INSOL>,0,0,GLFHVTRAKQFLLAEQAPQIGGSFEANLETKEAM,34
<NON_HEMO|INSOL>,0,0,VVVNVDVCFVEEPCYKIM,18
<NON_HEMO|INSOL>,0,0,FIPQEDPVFFAVFAFENRVDTLVLAGVIDG,30
<NON_HEMO|INSOL>,0,0,ALMPAIVPMMVQGGKILCNDASDDARC,27
<NON_HEMO|INSOL>,0,0,RICNVNIMSGYPILPDDAVFWIIKFPVIYNDRSQLRVHKV,40
<NON_HEMO|INSOL>,0,0,LAYRLARALHAALPVFVGFEVVDAELLL,28
<NON_HEMO|INSOL>,0,0,KIVVAALTTLTAIYAGLG,18
<NON_HEMO|INSOL>,0,0,LGTTFMLARIEE,12
<NON_HEMO|INSOL>,0,0,KIVLVAILGSYPSAEHH,17
<NON_HEMO|INSOL>,0,0,LPEVGVFAEIFMASHQSL,18
<NON_HEMO|INSOL>,0,0,DAKIGGDAEILEVK,14
<NON_HEMO|INSOL>,0,0,RVKFQLTVYTIPAPG,15
<NON_HEMO|INSOL>,0,0,NVIAGRVDIALISGYAINANAYLPRAIPY,29
<NON_HEMO|SOL>,0,1,ASFKKTDTLAGAGA,14
<NON_HEMO|SOL>,0,1,CEIVPDYGD,9
<NON_HEMO|SOL>,0,1,MFMELRGLFTNDDEE,15
<NON_HEMO|SOL>,0,1,LYLQVAQREL,10
<NON_HEMO|SOL>,0,1,ELNPAYGTVLVFSDGHGPKIVHPKPVE,27
<NON_HEMO|SOL>,0,1,CGTYGDLLDLKEGDTDGETLTYQDIVLFLNLDYDQD,36
<NON_HEMO|SOL>,0,1,AVEVAAADALVSK,13
<NON_HEMO|SOL>,0,1,SGITLSVIEIPDWMDNKEVFTR,22
<NON_HEMO|SOL>,0,1,TIDSYITANSLDALELASVGRFYLDA,26
<NON_HEMO|SOL>,0,1,RGILFVNEVTV,11
<NON_HEMO|SOL>,0,1,SDTLKNLKRNEENLLDVIDLLHLGD,25
<NON_HEMO|SOL>,0,1,NDVPEKLPQDNWP,13
<NON_HEMO|SOL>,0,1,IREIVPLFESQHEPWSAT,18
<NON_HEMO|SOL>,0,1,LSALDSLELVKEKFKKSLEAAAK,23
<NON_HEMO|SOL>,0,1,YMGLPYEACAKRD,13
<NON_HEMO|SOL>,0,1,SDIYNIALAALPPPVIDLLERQLDNFTFTQQRPIVDGTLAT,41
<NON_HEMO|SOL>,0,1,DFKYVEQNPVKEQVD,15
<NON_HEMO|SOL>,0,1,VEKQDGGTTPSKQY,14
<NON_HEMO|SOL>,0,1,VESCIESPDKEGLAKKVNGKIACS,24
<NON_HEMO|SOL>,0,1,KMMSYKRDYELAAILDEFVLNNWVL,25
<NON_HEMO|SOL>,0,1,KRRAGGGKLWA,11
<NON_HEMO|SOL>,0,1,VIHGLENPDGLDHNENDVLAFNPTSGGAHLDIFASQN,37
<NON_HEMO|SOL>,0,1,DIEVWALGEHCEGE,14
<NON_HEMO|SOL>,0,1,SEEQAVTDTAPKEKGLLYR,19
<NON_HEMO|SOL>,0,1,TRIYRIKTSVIDIIKSKATDDTAEFAIDYENGRAPGQLEMEKA,43
<NON_HEMO|SOL>,0,1,EGFGEGKARSGLTEFERELNDPEAG,25
<NON_HEMO|SOL>,0,1,HIAQAAAAAIDDGISIGKEFGV,22
<NON_HEMO|SOL>,0,1,LTKWQELTYDIAKMRIVLL,19
<NON_HEMO|SOL>,0,1,IASIHKAMPKYPKKRPHI,18
<NON_HEMO|SOL>,0,1,VMKEGRSSFYLVKNTEAPKLN,21
<NON_HEMO|SOL>,0,1,KARSSMEAIGLP,12
<NON_HEMO|SOL>,0,1,RTEGLSIASVFE,12
<NON_HEMO|SOL>,0,1,YMLNYSEKIEHDLGKLFGKAQSAGLINEHIVA,32
<NON_HEMO|SOL>,0,1,LFILIPQVHIAESER,15
<NON_HEMO|SOL>,0,1,RSKKWTEVFDERKGE,15
<NON_HEMO|SOL>,0,1,DLAAPYKASSKATQLNAERIPSSAFLT,27
<NON_HEMO|SOL>,0,1,QYELPSSEEEDAIFFRCFQLLGDSKNLDSH,30
<NON_HEMO|SOL>,0,1,EMLIVGVAKKERQEARRALDAEAINFENDVPAGKYRFNLL,40
<NON_HEMO|SOL>,0,1,YERQAFSDFAIPR,13
<NON_HEMO|SOL>,0,1,PSSKYYIDIKGRQGTPPLASISKQ,24
<NON_HEMO|SOL>,0,1,GLRQAQLVNGMHQLDELVLAKKLDA,25
<NON_HEMO|SOL>,0,1,LFNEHHMKIPGLSK,14
<NON_HEMO|SOL>,0,1,AECINPGPVPIAAAFAKFVGGFMLSDAVP,29
<NON_HEMO|SOL>,0,1,PTGYDGEENREEELNEENPNDFECPANGSAA,31
<NON_HEMO|SOL>,0,1,VKNNNENKGKIKGKHI,16
<NON_HEMO|SOL>,0,1,NDGVEKRNEGPNKVYRLGLNEELMGKQAGELME,33
<NON_HEMO|SOL>,0,1,NDKPECKVPPNG,12
<NON_HEMO|SOL>,0,1,DLCEDHKYVKTGKADPR,17
<NON_HEMO|SOL>,0,1,QAITRALQFDF,11
<NON_HEMO|SOL>,0,1,DLRLLAAPVRLWPERIERGVPLAHEK,26
<HEMO|INSOL>,1,0,GVLDKIFKTWKNSASVS,17
<HEMO|INSOL>,1,0,AGWFMKAKRAFAGKKI,16
<HEMO|INSOL>,1,0,GFFLSLIGKTVAKIVGSSSKAKSLSGANSMRGQ,33
<HEMO|INSOL>,1,0,GFMSYMKDLAGEISSSAVFGLKTSAVF,27
<HEMO|INSOL>,1,0,GLLMSVLKGVLKTAGGKHIFKNVGGSCKITKITAAKITVGEC,42
<HEMO|INSOL>,1,0,QWGALGTALSKSNLL,15
<HEMO|INSOL>,1,0,FLPIGAAAKLSIL,13
<HEMO|INSOL>,1,0,FILGKLSGIL,10
<HEMO|INSOL>,1,0,FGWSPLGRKPVIV,13
<HEMO|INSOL>,1,0,GFGLLMKYIGPLIGKLIPHAVKAIKLI,27
<HEMO|INSOL>,1,0,LLKGIWEGILVLMLSKLVF,19
<HEMO|INSOL>,1,0,FLPILAGAAASGIL,14
<HEMO|INSOL>,1,0,FFHHFFMHIFRAIVTIHRAIVTG,23
<HEMO|INSOL>,1,0,ALWKTLKVLKAAVLNAVLVLF,21
<HEMO|INSOL>,1,0,GFGPVGKKGKIGPSKVFLFGKFL,23
<HEMO|INSOL>,1,0,FLPIIVLLAGAGKLSGIL,18
<HEMO|INSOL>,1,0,ILGKLKTAASNL,12
<HEMO|INSOL>,1,0,FLPIKIGNILSGVF,14
<HEMO|INSOL>,1,0,ALWKTLKKKVLKAVLNANAVLVLVGA,26
<HEMO|INSOL>,1,0,GILGKLGAGLSTLSLFGKIAKNV,23
<HEMO|INSOL>,1,0,GFFLAKDLKLIGKGKIGS,18
<HEMO|INSOL>,1,0,CGESCVWIPCIGCISALSCKNGVCYRNGTP,30
<HEMO|INSOL>,1,0,LKLKLLKKKKKLLKLKLKWLLLLLKKL,27
<HEMO|INSOL>,1,0,LLCYCRFCVCW,11
<HEMO|INSOL>,1,0,FLPVLLLGAGKIIFCSKKC,19
<HEMO|INSOL>,1,0,ILGKLSNL,8
<HEMO|INSOL>,1,0,GILETCKVCKITKACNTAAGIP,22
<HEMO|INSOL>,1,0,ILGKWLSNL,9
<HEMO|INSOL>,1,0,AKFALWK,7
<HEMO|INSOL>,1,0,ILLKLSKLLLLLLSKAGIK,19
<HEMO|INSOL>,1,0,LCYCRRRFCVR,11
<HEMO|INSOL>,1,0,FLPIAANSGASAALAKLAAGAAVSIGRK,28
<HEMO|INSOL>,1,0,FDLFKKIIVKFSKF,14
<HEMO|INSOL>,1,0,ALWMTLLKKKNMLLKKKKAVGA,22
<HEMO|INSOL>,1,0,IQKILHWAAKALAAAAIS,18
<HEMO|INSOL>,1,0,FWGALAWVAK,10
<HEMO|INSOL>,1,0,ALWMTLKVLKAKAKAVLNAVLVGA,24
<HEMO|INSOL>,1,0,FLPKIRVLSGIL,12
<HEMO|INSOL>,1,0,GIIGKLLLEIKIIKGINSIGKGCGTFKKKKITSLENC,37
<HEMO|INSOL>,1,0,GVLKGILSGAKHV,13
<HEMO|INSOL>,1,0,GFMKYIGPLIPHAVKAVKAVKAISAV,26
<HEMO|INSOL>,1,0,FLPILAVIFCAGKC,14
<HEMO|INSOL>,1,0,GLGEIILKIAKVLKVFDIVKKKVGLKALEAKSV,33
<HEMO|INSOL>,1,0,HHGFLLLLGSLAAASLGKTAIGS,23
<HEMO|INSOL>,1,0,SLLLLLSLIRKLCITDK,17
<HEMO|INSOL>,1,0,FFVKIKQLLIKFKFNSIFKFGKK,23
<HEMO|INSOL>,1,0,FVRWFSKFLGRIL,13
<HEMO|INSOL>,1,0,GALSLLFKGLIGPKVLIPKTV,21
<HEMO|INSOL>,1,0,CGESCVFIPCISCSKVCYKSKVCYLGVGVTSKVTVCYYNGSNKVCYKDCYLDKVETKVCY,60
<HEMO|INSOL>,1,0,GFMKYIGPLIPHANISLI,18
<HEMO|SOL>,1,1,KNLRRRIIKYIKKYGAVKKKRLYGVLGVLYGKRIIILRSRKDVAK,45
<HEMO|SOL>,1,1,LKLLKLKKKQ,10
<HEMO|SOL>,1,1,KNFKKKLVLF,10
<HEMO|SOL>,1,1,ILPWKWWKLPWR,12
<HEMO|SOL>,1,1,CYCRFCVCVGR,11
<HEMO|SOL>,1,1,LPKPWLLIKWKKWKPWKWRRR,21
<HEMO|SOL>,1,1,VCGETCVGGTCNTPGCTRRGLPVCSCSRN,29
<HEMO|SOL>,1,1,KNNWKRIRKWKWKKYG,16
<HEMO|SOL>,1,1,FKRFKKLEKLFKIPK,15
<HEMO|SOL>,1,1,FLLSKHSAKLKHTAIS,16
<HEMO|SOL>,1,1,LKKWLYKKLKLKK,13
<HEMO|SOL>,1,1,ILPWKWPYWFWKYLACRR,18
<HEMO|SOL>,1,1,AKKLFAKKKKAK,12
<HEMO|SOL>,1,1,LKWLLKLRKWIWWK,14
<HEMO|SOL>,1,1,KWKKSFLTFLSAKKTVISS,19
<HEMO|SOL>,1,1,FVKLKKKKKSILGKNVKSK,19
<HEMO|SOL>,1,1,SWLRDIWDWDWLSDCELLTDFK,22
<HEMO|SOL>,1,1,FKFKSFLKFLFKKKLKLKKKKKKKLKKKLKKKKKKKKKKKLVFLFKSALSSKKLKFKNWL,60
<HEMO|SOL>,1,1,KKWKSFLKKTFKTSSSAITS,20
<HEMO|SOL>,1,1,VNSGILGNLLLLAAQKLLLLTM,22
<HEMO|SOL>,1,1,KKKKKKALFAAALWLFLA,18
<HEMO|SOL>,1,1,SWLRDIWCELSDFK,14
<HEMO|SOL>,1,1,SWVRDWLECELVVLSRNGDFK,21
<HEMO|SOL>,1,1,KNWKGMAKGK,10
<HEMO|SOL>,1,1,KRFKFKFRFKKKK,13
<HEMO|SOL>,1,1,KWKKEFLKTFAKSAKIWNWAK,21
<HEMO|SOL>,1,1,KLLKK,5
<HEMO|SOL>,1,1,KLFKTFKSTVEKTAKMKM,18
<HEMO|SOL>,1,1,KKLKLLKLLLKWLL,14
<HEMO|SOL>,1,1,KKKWKSFLKKTFSAKMLKASLPAISS,26
<HEMO|SOL>,1,1,QKRAKKKKRFKKKPKKKRVLLSKFRLYPKQ,30
<HEMO|SOL>,1,1,KVFKVLKKKKKRLFLEFLKITWNSK,25
<HEMO|SOL>,1,1,FKLFKLKFLKKKILKFF,17
<HEMO|SOL>,1,1,KKKNWFLHKIK,11
<HEMO|SOL>,1,1,KWKSFLKTLKTAKTAWLKSSPYLK,24
<HEMO|SOL>,1,1,SWLRDWDWLCELLSDFK,17
<HEMO|SOL>,1,1,KNVLTKRITRIIK,13
<HEMO|SOL>,1,1,GFSFIKKSKKQVKF,14
<HEMO|SOL>,1,1,KWKSFLKIKFLSGVLHSAKF,20
<HEMO|SOL>,1,1,LNWGLKHLK,9
<HEMO|SOL>,1,1,GFLLMDTCVGGETCKNSC,18
<HEMO|SOL>,1,1,KWKLKLLKWLLL,12
<HEMO|SOL>,1,1,GLVLGKDTNLKKKVS,15
<HEMO|SOL>,1,1,IKKWPLLR,8
<HEMO|SOL>,1,1,FKLFKKKIPKFLHLLAKKF,19
<HEMO|SOL>,1,1,KKKKAFAKKWFAFK,14
<HEMO|SOL>,1,1,KNWKIAKKKKLMAKLWKVLKQWEK,24
<HEMO|SOL>,1,1,KLKWLLKKPAK,11
<HEMO|SOL>,1,1,SWLRDIWDWDWDWIWDWVLSCEVTVSDVLSDFK,33
<HEMO|SOL>,1,1,ILPWKWWKWPWR,12
